{"_path":"/notes/test","_dir":"notes","_draft":false,"_partial":false,"_locale":"","title":"برای تست","description":"نخستین نشانه‌های وجود پوزیترون یعنی پادماده سبکی که تنها اختلاف آن با الکترون در علامت بار است در سال ۱۹۳۲ به کمک اتاقک ابر ویلسون به دست آمد. در اتاقک ابر ویلسون واقع در میدان مغناطیسی رد باریکی که به‌طور آشکار مربوط به یک ذره تک بار و خیلی سبک همانند الکترون بود، مشاهده شد که در جهتی متناظر با بار مثبت منحرف می‌شد.","url":"the-positron","banner":true,"comment":true,"date":"2023-02-05T12:29:12.649Z","category":"فیزیک","tags":["پادماده","Antimatter"],"thumbnail":"positrondiscovery.webp","body":{"type":"root","children":[{"type":"element","tag":"h2","props":{"id":"خواص-پوزیترون-و-نحوه-شناسایی"},"children":[{"type":"text","value":"خواص پوزیترون و نحوه شناسایی"}]},{"type":"element","tag":"p","props":{},"children":[{"type":"text","value":"بعدها ثابت شد که فرایند عمده برای تشکیل پوزیترونها عبارت‌اند از: پرتوزایی مصنوعی و اندرکنش پرتوهای گامای پرانرژی وابسته به آن‌ها با هسته‌های اتم. یکی از این فرایندها را می‌توان با قراردادن اتاقک ابر ویلسون در میدان و تاباندن باریکه نازک تابش بر آن بررسی کرد. در بعضی عکسها در مسیر باریکه تابش گاما رد دوگانه خاصی دیده می‌شود."}]}],"toc":{"title":"","searchDepth":2,"depth":2,"links":[{"id":"خواص-پوزیترون-و-نحوه-شناسایی","depth":2,"text":"خواص پوزیترون و نحوه شناسایی"}]}},"_type":"markdown","_id":"content:notes:test.md","_source":"content","_file":"notes/test.md","_stem":"notes/test","_extension":"md"}