{"_path":"/cat/books","_dir":"cat","_draft":false,"_partial":false,"_locale":"","title":"کتاب","description":"معرفی کتاب","thumbnail":"library.jpg","menu":true,"menu_order":5,"body":{"type":"root","children":[{"type":"element","tag":"p","props":{},"children":[{"type":"text","value":"معرفی کتاب"}]}],"toc":{"title":"","searchDepth":2,"depth":2,"links":[]}},"_type":"markdown","_id":"content:cat:books.md","_source":"content","_file":"cat/books.md","_stem":"cat/books","_extension":"md"}