{"_path":"/notes/modern-web-development-on-the-jamstack","_dir":"notes","_draft":false,"_partial":false,"_locale":"","title":"Modern Web Development on the JAMstack","description":"In just the past few years, a flurry of advancements has greatly strengthened the web as a content and application platform. Brows‐ ers are much more powerful. JavaScript has matured. WebAssembly is on the horizon. It certainly feels like the beginning of a new chap‐ ter for the web. You’ve likely felt this as you’ve witnessed the explo‐ sion of new frontend frameworks and API-based services.","date":"2021/08/11","category":"کتاب","tags":["Client-Side Processing","PWA","JamStack"],"thumbnail":"Modern-Web-Development-on-the-JAMstack.webp","banner":false,"dir":"ltr","body":{"type":"root","children":[{"type":"element","tag":"h2","props":{"id":"introduction"},"children":[{"type":"text","value":"Introduction"}]},{"type":"element","tag":"p","props":{},"children":[{"type":"element","tag":"code","props":{"className":[]},"children":[{"type":"text","value":"From Book"}]}]},{"type":"element","tag":"p","props":{},"children":[{"type":"text","value":"In just the past few years, a flurry of advancements has greatly strengthened the web as a content and application platform. Brows‐ ers are much more powerful. JavaScript has matured. WebAssembly is on the horizon. It certainly feels like the beginning of a new chap‐ ter for the web. You’ve likely felt this as you’ve witnessed the explo‐ sion of new frontend frameworks and API-based services."}]},{"type":"element","tag":"p","props":{},"children":[{"type":"text","value":"Although what’s technically possible in the browser has advanced, so\ntoo have expectations for immediacy. Videos must play instantly.\nBrowser applications must launch faster than their desktop counter‐\nparts. Users have become increasingly mobile and increasingly\nimpatient—we are all fed up with slow pages and we vote angrily\nagainst them with the back button. (Google also seems to be losing\npatience, and now factors site speed into its famous ranking algo‐\nrithms.)"}]},{"type":"element","tag":"p","props":{},"children":[{"type":"text","value":"Broadly speaking, this book covers new, modern approaches to\nbuilding websites that perform as fast as possible. More concretely,\nthis book shows you how to run any web property, from simple sites\nto complex applications, on a global Content Delivery Network\n(CDN) and without a single web server. We introduce you to the\nJAMstack: a powerful new approach for deploying fast, highly scala‐\nble sites and applications that don’t require traditional frontend\ninfrastructure. If you tend to feel delivering great websites should be\nmore about the craft of markup and JavaScript than server setup\nand administration, you’ve found your book."}]},{"type":"element","tag":"p","props":{},"children":[{"type":"text","value":"And, if you’ve ever struggled with any monolithic system or frame‐\nwork—wrestling with hosting, deploying changes, securing, and\nscaling everything—you already understand why the JAMstack is\nbecoming so popular. It’s one of those rare shifts in the landscape\nthat delivers a productivity boost for developers and a large perfor‐\nmance boost for users. The JAMstack is helping to bring about a\nmore secure, stable, and performant web that’s also more fun to\ndevelop and create for."}]},{"type":"element","tag":"p","props":{},"children":[{"type":"text","value":"Under this new approach, there isn’t a “server environment” at all—\nat least not in the traditional sense. Instead, HTML is prerendered\ninto static files, sites are served from a global CDN, and tasks that\nwere once processed and managed server side are now performed\nvia APIs and microservices."}]},{"type":"element","tag":"p","props":{},"children":[{"type":"text","value":"We realize that seasoned web developers might eye anything new\nwith quite a bit of skepticism. There have certainly been countless\nother new ideas on how to build the web before. For nearly three\ndecades, the developer community has explored ways to make the\nweb easier and faster to develop, more capable, more performant,\nand more secure."}]},{"type":"element","tag":"p","props":{},"children":[{"type":"text","value":"At times, though, the effort has seemed to trade one goal for\nanother. Wordpress, for example, became a revolution in making\ncontent easier to author—but anyone who’s scaled a high-traffic\nWordpress site knows it also brings a whole set of new challenges in\nperformance and security. Trading the simplicity of HTML files for\ndatabase-powered content means facing the very real threats that\nsites might crash as they become popular or are hacked when\nnobody is watching closely."}]},{"type":"element","tag":"p","props":{},"children":[{"type":"text","value":"And dynamically transforming content into HTML—each and every\ntime it’s requested—takes quite a few compute cycles. To mitigate all\nthe overhead, many web stacks have introduced intricate and clever\ncaching schemes at almost every level, from the database on up. But\nthese complex setups have often made the development process feel\ncumbersome and fragile. It can be difficult to get any work done on\na site when you can’t get it running and testable on your own laptop.\n(Trust us, we know.)"}]},{"type":"element","tag":"p","props":{},"children":[{"type":"text","value":"All these challenges have led the developer community to begin\nexploring the JAMstack as a modern refactoring of the way websites\nare developed and served. And like any good refactoring, you’ll find\nthat it both advances and simplifies the stack.\nBeing web developers ourselves, the authors of this book are more\nexcited by the JAMstack than we’ve been about any emerging trend\nfor quite a while. That’s because it uniquely solves for all these com‐\nmon problems—developer experience, performance, and security—\nall at the same time, and all without one compromising the other. To\nus, it feels like the logical future of the platform."}]},{"type":"element","tag":"p","props":{},"children":[{"type":"text","value":"It just makes sense."}]},{"type":"element","tag":"p","props":{},"children":[{"type":"text","value":"Developer Jonathan Prozzi said it best on Twitter: “My learning\njourney leading to #JAMstack has re-ignited my interest and passion\nfor web technology.” We think the JAMstack can do a lot to rekindle\nyour own enthusiasm, too, and we’re eager to welcome you to the\ngrowing community of JAMstack practitioners. You’ll find develop‐\ning for the web has become fun and fearless all over again."}]},{"type":"element","tag":"h2","props":{"id":"how-to-get"},"children":[{"type":"text","value":"How to Get"}]},{"type":"element","tag":"p","props":{},"children":[{"type":"text","value":"Download From Netlify (PDF): "},{"type":"element","tag":"a","props":{"href":"https://www.netlify.com/pdf/oreilly-modern-web-development-on-the-jamstack.pdf","rel":["nofollow"]},"children":[{"type":"text","value":"oreilly-modern-web-development-on-the-jamstack.pdf"}]}]},{"type":"element","tag":"hr","props":{},"children":[]}],"toc":{"title":"","searchDepth":2,"depth":2,"links":[{"id":"introduction","depth":2,"text":"Introduction"},{"id":"how-to-get","depth":2,"text":"How to Get"}]}},"_type":"markdown","_id":"content:notes:modern-web-development-on-the-jamstack.md","_source":"content","_file":"notes/modern-web-development-on-the-jamstack.md","_stem":"notes/modern-web-development-on-the-jamstack","_extension":"md"}