{"_path":"/notes/webassembly-in-action","_dir":"notes","_draft":false,"_partial":false,"_locale":"","title":"WebAssembly in Action","description":"WebAssembly in Action introduces the WebAssembly stack and walks you through the process of writing and running browser-based applications. Expert developer Gerard Gallant gives you a firm foundation of the structure of a module, HTML basics, JavaScript Promises, and the WebAssembly JavaScript API.","thumbnail":"wasm-in-actions.png","date":"2023-08-31T00:00:00.000Z","category":"کتاب","banner":false,"comment":false,"dir":"ltr","tags":["wasm","golang","tinygo"],"body":{"type":"root","children":[{"type":"element","tag":"h2","props":{"id":"about-the-book"},"children":[{"type":"text","value":"About the Book"}]},{"type":"element","tag":"p","props":{},"children":[{"type":"text","value":"WebAssembly in Action teaches you how to write and run high-performance browser-based applications using C++ and other languages supported by WebAssembly. In it, you'll learn to create native WebAssembly modules, interact with JavaScript components, and maximize performance with web workers and pthreads. And you'll love how the clearly organized sections make it a breeze to find the important details about every function, feature, and technique."}]},{"type":"element","tag":"h3","props":{"id":"about-the-technology"},"children":[{"type":"text","value":"About the Technology"}]},{"type":"element","tag":"p","props":{},"children":[{"type":"text","value":"Write high-performance browser-based applications without relying only on JavaScript! By compiling to the WebAssembly binary format, your C, C++, or Rust code runs at near-native speed in the browser. WebAssembly delivers greater speed, opportunities to reuse existing code, and access to newer and faster libraries. Plus, you can easily interact with JavaScript when you need to."}]},{"type":"element","tag":"h3","props":{"id":"whats-inside"},"children":[{"type":"text","value":"What's inside"}]},{"type":"element","tag":"p","props":{},"children":[{"type":"text","value":"• Dynamic linking of multiple modules at runtime\n• Communicating between modules and JavaScript\n• Debugging with WebAssembly Text Format\n• Threading with web workers and pthreads"}]},{"type":"element","tag":"h3","props":{"id":"about-the-reader"},"children":[{"type":"text","value":"About the Reader"}]},{"type":"element","tag":"p","props":{},"children":[{"type":"text","value":"Written for developers with a basic understanding of C/C++, JavaScript, and HTML."}]},{"type":"element","tag":"h3","props":{"id":"about-the-author"},"children":[{"type":"text","value":"About the Author"}]},{"type":"element","tag":"p","props":{},"children":[{"type":"text","value":"Gerard Gallant is a Microsoft Certified Professional and a Senior Software Developer at Dovico Software. He blogs regularly on Blogger.com and DZone.com."}]},{"type":"element","tag":"h2","props":{"id":"table-of-contents"},"children":[{"type":"text","value":"Table of contents"}]},{"type":"element","tag":"h3","props":{"id":"part-1-first-steps"},"children":[{"type":"text","value":"PART 1 - FIRST STEPS"}]},{"type":"element","tag":"ol","props":{},"children":[{"type":"element","tag":"li","props":{},"children":[{"type":"text","value":"Meet WebAssembly"}]},{"type":"element","tag":"li","props":{},"children":[{"type":"text","value":"A look inside WebAssembly modules"}]},{"type":"element","tag":"li","props":{},"children":[{"type":"text","value":"Creating your first WebAssembly module"}]}]},{"type":"element","tag":"h3","props":{"id":"part-2-working-with-modules"},"children":[{"type":"text","value":"PART 2 - WORKING WITH MODULES"}]},{"type":"element","tag":"ol","props":{"start":4},"children":[{"type":"element","tag":"li","props":{},"children":[{"type":"text","value":"Reusing your existing C++ codebase"}]},{"type":"element","tag":"li","props":{},"children":[{"type":"text","value":"Creating a WebAssembly module that calls into JavaScript"}]},{"type":"element","tag":"li","props":{},"children":[{"type":"text","value":"Creating a WebAssembly module that talks to JavaScript using function pointers"}]}]},{"type":"element","tag":"h3","props":{"id":"part-3-advanced-topics"},"children":[{"type":"text","value":"PART 3 - ADVANCED TOPICS"}]},{"type":"element","tag":"ol","props":{"start":7},"children":[{"type":"element","tag":"li","props":{},"children":[{"type":"text","value":"Dynamic linking: The basics"}]},{"type":"element","tag":"li","props":{},"children":[{"type":"text","value":"Dynamic linking: The implementation"}]},{"type":"element","tag":"li","props":{},"children":[{"type":"text","value":"Threading: Web workers and pthreads"}]},{"type":"element","tag":"li","props":{},"children":[{"type":"text","value":"WebAssembly modules in Node.js"}]}]},{"type":"element","tag":"h3","props":{"id":"part-4-debugging-and-testing"},"children":[{"type":"text","value":"PART 4 - DEBUGGING AND TESTING"}]},{"type":"element","tag":"ol","props":{"start":11},"children":[{"type":"element","tag":"li","props":{},"children":[{"type":"text","value":"WebAssembly text format"}]},{"type":"element","tag":"li","props":{},"children":[{"type":"text","value":"Debugging"}]},{"type":"element","tag":"li","props":{},"children":[{"type":"text","value":"Testing — and then what?"}]}]},{"type":"element","tag":"h2","props":{"id":"how-to-get"},"children":[{"type":"text","value":"How to Get"}]},{"type":"element","tag":"ul","props":{},"children":[{"type":"element","tag":"li","props":{},"children":[{"type":"text","value":"Manning Publications (Buy): "},{"type":"element","tag":"a","props":{"href":"https://www.manning.com/books/webassembly-in-action","rel":["nofollow"]},"children":[{"type":"text","value":"WebAssembly in Action"}]}]},{"type":"element","tag":"li","props":{},"children":[{"type":"text","value":"Download From libgen (PDF): "},{"type":"element","tag":"a","props":{"href":"http://libgen.is/book/index.php?md5=7472D5B97E5A0CD7F6C2948FB96D899A","rel":["nofollow"]},"children":[{"type":"text","value":"WebAssembly in Action"}]}]}]}],"toc":{"title":"","searchDepth":2,"depth":2,"links":[{"id":"about-the-book","depth":2,"text":"About the Book","children":[{"id":"about-the-technology","depth":3,"text":"About the Technology"},{"id":"whats-inside","depth":3,"text":"What's inside"},{"id":"about-the-reader","depth":3,"text":"About the Reader"},{"id":"about-the-author","depth":3,"text":"About the Author"}]},{"id":"table-of-contents","depth":2,"text":"Table of contents","children":[{"id":"part-1-first-steps","depth":3,"text":"PART 1 - FIRST STEPS"},{"id":"part-2-working-with-modules","depth":3,"text":"PART 2 - WORKING WITH MODULES"},{"id":"part-3-advanced-topics","depth":3,"text":"PART 3 - ADVANCED TOPICS"},{"id":"part-4-debugging-and-testing","depth":3,"text":"PART 4 - DEBUGGING AND TESTING"}]},{"id":"how-to-get","depth":2,"text":"How to Get"}]}},"_type":"markdown","_id":"content:notes:WebAssembly-in-Action.md","_source":"content","_file":"notes/WebAssembly-in-Action.md","_stem":"notes/WebAssembly-in-Action","_extension":"md"}