{"_path":"/cat/source","_dir":"cat","_draft":false,"_partial":false,"_locale":"","title":"پروژه","description":"معرفی پروژه ها و سورس های جالب","thumbnail":"totoro-image-12.webp","menu":false,"body":{"type":"root","children":[{"type":"element","tag":"p","props":{},"children":[{"type":"text","value":"معرفی پروژه ها و سورس های جالب"}]}],"toc":{"title":"","searchDepth":2,"depth":2,"links":[]}},"_type":"markdown","_id":"content:cat:source.md","_source":"content","_file":"cat/source.md","_stem":"cat/source","_extension":"md"}