{"_path":"/notes/tom-bombadil-and-goldberry","_dir":"notes","_draft":false,"_partial":false,"_locale":"","title":"تام بامبادیل","description":"نام شخصیتی است در رشته داستان‌های تالکین . در جلد اول سه‌گانهٔ ارباب حلقه‌ها ، فرودو و همراهانش او را در جنگل کهن ملاقات می‌کنند. این‌طور به نظر می‌آید که قدرت حلقه یگانه بر روی او اثری ندارد. او به همراه همسرش گلدبری، دختر رودخانه، در ویتی‌ویندل زندگی می‌کنند. در کتاب او با نام «ارباب درختان، آب‌ها و تپه‌ها» معرفی شده‌است. در پشت ظاهر سادهٔ تام بامبادیل دانش و قدرتی عظیم قرار دارد ولی در محدوده قلمرو خودش.","thumbnail":"tom-bombadil-and-goldberry.webp","date":"2021/09/11","tags":["J.R.R.Tolkien","The Lord of the Rings"],"category":"کتاب","banner":true,"body":{"type":"root","children":[{"type":"element","tag":"div","props":{"className":["ltr"]},"children":[{"type":"element","tag":"h2","props":{"id":"from-book"},"children":[{"type":"text","value":"From Book"}]},{"type":"element","tag":"p","props":{},"children":[{"type":"text","value":"Describes Tom's encounters with Goldberry, the River-woman's beautiful daughter; with Old Man Willow, who tries to trap Tom inside his trunk; with the Badger-folk; and with the ghostly Barrow-wight, who dwells in the ancient mound on the hilltop.\nAbstract: Describes Tom's encounters with Goldberry, the River-woman's beautiful daughter; with Old Man Willow, who tries to trap Tom inside his trunk; with the Badger-folk; and with the ghostly Barrow-wight, who dwells in the ancient mound on the hilltop"}]},{"type":"element","tag":"h2","props":{"id":"how-to-get"},"children":[{"type":"text","value":"How to Get"}]},{"type":"element","tag":"ul","props":{},"children":[{"type":"element","tag":"li","props":{},"children":[{"type":"text","value":"Amazon (Buy): "},{"type":"element","tag":"a","props":{"href":"https://www.amazon.com/Adventures-Tom-Bombadil-Other-Verses/dp/B005XEQ3WM","rel":["nofollow"]},"children":[{"type":"text","value":" The adventures of Tom Bombadil: and other verses from The red book"}]}]},{"type":"element","tag":"li","props":{},"children":[{"type":"text","value":"Download From libgen (EPUB): "},{"type":"element","tag":"a","props":{"href":"http://libgen.is/book/index.php?md5=96F2052A1D87E3F045130F5E633AC092","rel":["nofollow"]},"children":[{"type":"text","value":" The adventures of Tom Bombadil: and other verses from The red book"}]}]}]}]}],"toc":{"title":"","searchDepth":2,"depth":2,"links":[{"id":"from-book","depth":2,"text":"From Book"},{"id":"how-to-get","depth":2,"text":"How to Get"}]}},"_type":"markdown","_id":"content:notes:tom-bombadil-and-goldberry.md","_source":"content","_file":"notes/tom-bombadil-and-goldberry.md","_stem":"notes/tom-bombadil-and-goldberry","_extension":"md"}