{"_path":"/notes/the-practitioner-s-guide-to-graph-data","_dir":"notes","_draft":false,"_partial":false,"_locale":"","title":"The Practitioner’s Guide to Graph Data","description":"Think about the last time you searched for someone on a social media platform. What did you look at on the results page? Most likely, you started scanning down the names in the list of profile results. And you probably spent most of your time inspecting the “shared friends” section to understand how you knew someone.","date":"2021/10/11","tags":["Graph Data","Graph Database"],"category":"کتاب","thumbnail":"The-Practitioners-Guide-To-Graph-Data.webp","banner":false,"dir":"ltr","body":{"type":"root","children":[{"type":"element","tag":"h2","props":{"id":"preface"},"children":[{"type":"text","value":"Preface"}]},{"type":"element","tag":"p","props":{},"children":[{"type":"text","value":"Applying Graph Thinking and Graph Technologies to Solve Complex Problems"}]},{"type":"element","tag":"p","props":{},"children":[{"type":"element","tag":"code","props":{"className":[]},"children":[{"type":"text","value":"From Book"}]}]},{"type":"element","tag":"p","props":{},"children":[{"type":"text","value":"Think about the last time you searched for someone on a social media platform.\nWhat did you look at on the results page?\nMost likely, you started scanning down the names in the list of profile results. And\nyou probably spent most of your time inspecting the “shared friends” section to\nunderstand how you knew someone.\nOur innate human behavior of reasoning about our shared friends on social media is\nwhat inspired us to write this book. Though, our shared inspiration generated two\nvery different reasons behind why we wrote this book.\nFirst, have you ever stopped to think about how an app creates the “shared friends”\nsection?"}]},{"type":"element","tag":"p","props":{},"children":[{"type":"text","value":"The engineering required to deliver your “shared friends” in search results creates an\nintricate orchestration of tools and data to solve an extremely complex, distributed\nproblem. We have either built those sections or created the tools that deliver them.\nOur passion for understanding and teaching others from our collective experiences is\nthe first reason we chose to write this book together.\nThe second reason is that anyone who uses social media intuitively derives personal\ncontext directly from the “shared friends” section. This process of reasoning and\nthinking about relationships within data is called graph thinking, and that is what we\nname the human approach to understanding life through connected data.\nHow did we all learn to do this?"}]},{"type":"element","tag":"p","props":{},"children":[{"type":"text","value":"There wasn’t a specific point in time when we all were taught this skill. Processing\nrelationships among people, places, or things is just how we think.\nIt is the ease with which people infer context from relationships, be it in real life or\nfrom data, that has ignited the wave of graph thinking.\nxiAnd when it comes to understanding graph thinking, most people fall into one of two\ncamps: those who think graphs are about bar charts, or those who think graphs are\nway too complicated. Either way, these thought processes apply legacy approaches to\nthinking about data and technology. The problem is that the art of the possible has\nchanged, our tools have improved, and there are new lessons to learn.\nWe believe that graphs are powerful and deployable. Graph technology can make you\nmore productive; we have worked with teams that told us so.\nThis book brings these two mindsets together.\nGraph thinking closes the gap between how we humans operate/see/live and how we\nuse data to inform a decision. Imagine seeing your whole world as a spreadsheet with\nrows and columns of data and trying to make sense of it all. For the majority of us,\nthe exercise is unnatural and counterproductive.\nThis is because relationships are how people navigate and reason about life. It is com‐\nputers that need databases and operate in the world of rows and columns of data.\nGraph thinking is a way to solve complex problems by taking a relationship-centric\napproach. Graph technology bridges the gap between “relationships” and the linear\nmemory constraints of modern computer infrastructure.\nAs more people learn how to build with graph technology by applying graph think‐\ning, imagine what the next wave of innovation will bring."}]},{"type":"element","tag":"h2","props":{"id":"who-should-read-this-book"},"children":[{"type":"text","value":"Who Should Read This Book"}]},{"type":"element","tag":"p","props":{},"children":[{"type":"text","value":"This book aims to teach you two things. First, we will teach you about graph thinking\nand the graph mindset through asking questions and reasoning about data. Second,\nwe will walk you through writing code that solves the most common, complex graph\nproblems."}]},{"type":"element","tag":"p","props":{},"children":[{"type":"text","value":"These new concepts are intertwined within the tasks commonly performed across a\nfew different engineering functions."}]},{"type":"element","tag":"p","props":{},"children":[{"type":"text","value":"Data engineers and architects sit at the heart of transitioning an idea from develop‐\nment into production. We organized this book to show you how to resolve common\nassumptions that can occur when moving from development into production with\ngraph data and graph tools. Another benefit to the data engineer or data architect will\nbe learning the world of possibilities that come from understanding graph thinking.\nSynthesizing the breadth of problems that can be solved with graph data will also help\nyou invent new patterns for their use in production applications.\nData scientists and data analysts may most benefit from reasoning about how to use\ngraph data to answer interesting questions. All the examples throughout this text\nwere constructed to apply a query-first approach to graph data. A secondary benefit"}]},{"type":"element","tag":"p","props":{},"children":[{"type":"text","value":"Prefacefor a data scientist or analyst will be to understand the complexity of using dis‐\ntributed graph data within a production application. We teach and build upon the\ncommon development pitfalls and their production resolution processes throughout\nthe book so that you can formulate new types of problems to solve."}]},{"type":"element","tag":"p","props":{},"children":[{"type":"text","value":"Computer scientists will learn how to use techniques in functional programming and\ndistributed systems to query and reason about graph data. We will outline fundamen‐\ntal approaches to procedurally traversing graph data and step through their applica‐\ntion with graph tools. Along the way we will learn about distributed technologies, too.\nWe will be working within the intersection of graph data and distributed, complex\nproblems; a fascinating combination of engineering topics with something to learn\nfor any technologist."}]},{"type":"element","tag":"h2","props":{"id":"goals-of-this-book"},"children":[{"type":"text","value":"Goals of This Book"}]},{"type":"element","tag":"p","props":{},"children":[{"type":"text","value":"The first goal of this book is to create a new foundation that exists at a very diverse\nintersection. We will be working with concepts from graph theory, database schema,\ndistributed systems, data analysis, and many other fields. This unique intersection\nforms what we refer to in this book as graph thinking. A new application domain\nrequires new terms, examples, and techniques. This book serves as your foundation\nfor understanding this emerging field."}]},{"type":"element","tag":"p","props":{},"children":[{"type":"text","value":"From the past decade of graph technology emerged a common set of patterns for\nusing graph data in production applications. The second goal of this book is to teach\nyou those patterns. We define, illustrate, build, and implement the most popular ways\nteams use graph technology to solve complex problems. After studying this book, you\nwill have a set of templates for building with graph technology to solve this common\nset of problems."}]},{"type":"element","tag":"p","props":{},"children":[{"type":"text","value":"The third goal of this book is to transform how you think. Understanding and apply‐\ning graph data to your problem introduces a paradigm shift into your thought pro‐\ncesses. Through many upcoming examples, we aim to teach you the common ways\nthat others think and reason about graph data within an application. This book\nteaches you what you need to know to apply graph thinking to a technology decision."}]},{"type":"element","tag":"h2","props":{"id":"navigating-this-book"},"children":[{"type":"text","value":"Navigating This Book"}]},{"type":"element","tag":"p","props":{},"children":[{"type":"text","value":"This book is organized roughly as follows:"}]},{"type":"element","tag":"h3","props":{"id":"chapter-1"},"children":[{"type":"text","value":"Chapter 1"}]},{"type":"element","tag":"p","props":{},"children":[{"type":"text","value":"Chapter 1 discusses graph thinking and provides detailed processes for its appli‐\ncation to complex problems."}]},{"type":"element","tag":"h3","props":{"id":"chapter-23"},"children":[{"type":"text","value":"Chapter 2,3"}]},{"type":"element","tag":"p","props":{},"children":[{"type":"text","value":"Chapters 2 and 3 introduce fundamental graph concepts that will be used\nthroughout the rest of the book."}]},{"type":"element","tag":"h3","props":{"id":"chapter-45"},"children":[{"type":"text","value":"Chapter 4,5"}]},{"type":"element","tag":"p","props":{},"children":[{"type":"text","value":"Chapters 4 and 5 apply graph thinking and distributed graph technology to\nbuilding a Customer 360 banking application, the most popular use case for\ngraph data today."}]},{"type":"element","tag":"h3","props":{"id":"chapter-67"},"children":[{"type":"text","value":"Chapter 6,7"}]},{"type":"element","tag":"p","props":{},"children":[{"type":"text","value":"Chapters 6 and 7 into the world of hierarchical data and nested graph data\nthrough a telecommunications use case. Chapter 6 sets the stage for a common\nerror that is resolved in Chapter 7."}]},{"type":"element","tag":"h3","props":{"id":"chapter-89"},"children":[{"type":"text","value":"Chapter 8,9"}]},{"type":"element","tag":"p","props":{},"children":[{"type":"text","value":"Chapters 8 and 9 discuss pathfinding across graph data in detail, using an exam‐\nple of quantifying trust in social transaction networks via paths."}]},{"type":"element","tag":"h3","props":{"id":"chapter-101112"},"children":[{"type":"text","value":"Chapter 10,11,12"}]},{"type":"element","tag":"p","props":{},"children":[{"type":"text","value":"Chapters 10 and 12 teach you how to use collaborative filtering on graph data to\ndesign a Netflix-inspired recommendation system."}]},{"type":"element","tag":"p","props":{},"children":[{"type":"text","value":"Chapter 11 can be thought of as a bonus chapter that illustrates how to apply\nentity resolution to the merging of multiple datasets into one large graph for col‐\nlective analysis."}]},{"type":"element","tag":"p","props":{},"children":[{"type":"text","value":"Each chapter pair (4 and 5, 6 and 7, 8 and 9, 10 and 12) follows the same structure.\nThe first chapter in each pair introduces new concepts and a new example use case in\na development environment. The second chapter delves into the details of production\nissues, such as"}]},{"type":"element","tag":"h2","props":{"id":"how-to-get"},"children":[{"type":"text","value":"How to Get"}]},{"type":"element","tag":"ul","props":{},"children":[{"type":"element","tag":"li","props":{},"children":[{"type":"text","value":"Oreilly (Buy): "},{"type":"element","tag":"a","props":{"href":"https://www.oreilly.com/library/view/the-practitioners-guide/9781492044062/","rel":["nofollow"]},"children":[{"type":"text","value":"The Practitioner's Guide to Graph Dat: Applying Graph Thinking and Graph Technologies to Solve Complex Problems"}]}]},{"type":"element","tag":"li","props":{},"children":[{"type":"text","value":"Download From libgen (PDF): "},{"type":"element","tag":"a","props":{"href":"http://libgen.is/book/index.php?md5=2F852C74D4139268D520CB3E4B1662D3","rel":["nofollow"]},"children":[{"type":"text","value":"The Practitioner’s Guide To Graph Data: Applying Graph Thinking And Graph Technologies To Solve Complex Problems"}]}]}]}],"toc":{"title":"","searchDepth":2,"depth":2,"links":[{"id":"preface","depth":2,"text":"Preface"},{"id":"who-should-read-this-book","depth":2,"text":"Who Should Read This Book"},{"id":"goals-of-this-book","depth":2,"text":"Goals of This Book"},{"id":"navigating-this-book","depth":2,"text":"Navigating This Book","children":[{"id":"chapter-1","depth":3,"text":"Chapter 1"},{"id":"chapter-23","depth":3,"text":"Chapter 2,3"},{"id":"chapter-45","depth":3,"text":"Chapter 4,5"},{"id":"chapter-67","depth":3,"text":"Chapter 6,7"},{"id":"chapter-89","depth":3,"text":"Chapter 8,9"},{"id":"chapter-101112","depth":3,"text":"Chapter 10,11,12"}]},{"id":"how-to-get","depth":2,"text":"How to Get"}]}},"_type":"markdown","_id":"content:notes:the-practitioner-s-guide-to-graph-data.md","_source":"content","_file":"notes/the-practitioner-s-guide-to-graph-data.md","_stem":"notes/the-practitioner-s-guide-to-graph-data","_extension":"md"}