{"_path":"/notes/getting-started-with-ethereum","_dir":"notes","_draft":false,"_partial":false,"_locale":"","title":"Getting Started with Ethereum","description":"Get started with blockchain development with this step-by-step guide. This book takes you all the way from installing requisite software through writing, testing, and deploying smart contracts. Getting Started with Ethereum delves into technologies most closely associated with Ethereum, such as IPFS, Filecoin, ENS, Chainlink, Truffle, Ganache, OpenZeppelin, Pinata, Fleek, Infura, Metamask, and Opensea. Author Davi Bauer walks you through project creation, how to compile projects and contracts, configure networks, and deploy smart contracts on blockchains. He then covers smart contracts, including deploying and verifying them. This book approaches blockchain in a way that allows you to focus on the topic that most interests you, covering Ethereum-related technologies broadly and not just focusing on Solidity.","date":"2023-01-18T19:14:50.978Z","category":"کتاب","tags":["NFT","Blockchain","OpenZeppelin","Solidity"],"thumbnail":"6c2b5bfc492ab5d2c7bd898863c7a4db-d.webp","banner":false,"dir":"ltr","body":{"type":"root","children":[{"type":"element","tag":"h2","props":{"id":"introduction"},"children":[{"type":"text","value":"Introduction"}]},{"type":"element","tag":"p","props":{},"children":[{"type":"text","value":"This book is a step-by-step guide for everyone who wants to get started\nas an Ethereum developer. It was designed for those who have never\nprogrammed anything in the blockchain and want to get started.\nI will cover everything from the basic requirements of installation to\nwriting, testing, and deploying smart contracts. I will also cover topics such\nas IPFS, Filecoin, ENS, Chainlink, Truffle, Ganache, OpenZeppelin, Pinata,\nFleek, Infura, MetaMask, and OpenSea, among others."}]},{"type":"element","tag":"h3","props":{"id":"chapter-1"},"children":[{"type":"text","value":"Chapter 1"}]},{"type":"element","tag":"p","props":{},"children":[{"type":"text","value":"In Chapter 1, I will go through all the necessary requirements to start\nthe activities described in this book. It covers software and tools such as\nDocker, Truffle, Ganache, MetaMask, and Infura."}]},{"type":"element","tag":"h3","props":{"id":"chapter-2"},"children":[{"type":"text","value":"Chapter 2"}]},{"type":"element","tag":"p","props":{},"children":[{"type":"text","value":"In Chapter 2, you will learn how to create a basic Solidity project using\nthe VS Code extension and then compile and deploy the smart contract to\na local blockchain."}]},{"type":"element","tag":"h3","props":{"id":"chapter-3"},"children":[{"type":"text","value":"Chapter 3"}]},{"type":"element","tag":"p","props":{},"children":[{"type":"text","value":"In Chapter 3, you will learn how to code smart contracts to create\nyour own coin and deploy it to a local blockchain. Fungible tokens are\ninterchangeable, so they are perfect to solve problems such as double\nspending. You will also be able to add this token to your own wallet\nand send it to different wallets, as well as send other coins that you\nalready have."}]},{"type":"element","tag":"h3","props":{"id":"chapter-4"},"children":[{"type":"text","value":"Chapter 4"}]},{"type":"element","tag":"p","props":{},"children":[{"type":"text","value":"In Chapter 4, you will learn how to create a unit test file for a smart\ncontract, as well as write test assertions, run the unit tests, and check the\nunit test results."}]},{"type":"element","tag":"h3","props":{"id":"chapter-5"},"children":[{"type":"text","value":"Chapter 5"}]},{"type":"element","tag":"p","props":{},"children":[{"type":"text","value":"In Chapter 5, you will be able to create smart contracts for badge\ntokens. You can use badge tokens, also known as NFTs, to represent\nphysical things in the virtual world, such as digital collectibles, game items,\ndigital art, etc. Each NFT token is unique and can have a unique value.\nxvIntroduction In this chapter, you will learn how to code the smart contract with the help\nof the OpenZeppelin library. You will also create the badge and add it to\nIPFS node. After that, you will learn to pin it so it is available for everyone,\neverywhere. Next, you will learn how to migrate the contract to different\nenvironments such as a local blockchain using Ganache and testnets using\nInfura. Finally, you will learn how to sell your own NFT on OpenSea."}]},{"type":"element","tag":"h3","props":{"id":"chapter-6"},"children":[{"type":"text","value":"Chapter 6"}]},{"type":"element","tag":"p","props":{},"children":[{"type":"text","value":"In Chapter 6, we will cover different ways to fund your wallet using\nfaucets. This part is important because you will need some ether in your\nwallet in order to pay for the transaction. Most of the examples will be\ndeployed on testnets so you won’t need real money to execute them."}]},{"type":"element","tag":"h3","props":{"id":"chapter-7"},"children":[{"type":"text","value":"Chapter 7"}]},{"type":"element","tag":"p","props":{},"children":[{"type":"text","value":"In Chapter 7, you will learn how to create and save files on a\ndecentralized file system. I also cover some tools such as a browser\nextension that will help you manage the node, as well as Pinata to help you\npin your files remotely instead of keeping them locally. In addition, you\nwill be able to host your own site on IPFS using Fleek."}]},{"type":"element","tag":"h3","props":{"id":"chapter-8"},"children":[{"type":"text","value":"Chapter 8"}]},{"type":"element","tag":"p","props":{},"children":[{"type":"text","value":"In Chapter 8, I will cover ways to preserve files on a local node. The\nidea behind Filecoin is the same of IPFS, with the difference that Filecoin\nhas an incentive mechanism and incentive nodes to preserve files. Filecoin\nwas built on top of IPFS."}]},{"type":"element","tag":"h3","props":{"id":"chapter-9"},"children":[{"type":"text","value":"Chapter 9"}]},{"type":"element","tag":"p","props":{},"children":[{"type":"text","value":"In Chapter 9, you will learn how to register a custom domain on the\nEthereum Name System. You can use it to host a site under this domain\nname or even as a domain for your wallet to receive cryptos, tokens,\nor NFTs."}]},{"type":"element","tag":"h3","props":{"id":"chapter-10"},"children":[{"type":"text","value":"Chapter 10"}]},{"type":"element","tag":"p","props":{},"children":[{"type":"text","value":"In Chapter 10, I will cover use cases where you need to pull data from\noff-chain using oracles. You will learn how to use price feeds and then\ncrypto prices inside smart contracts."}]},{"type":"element","tag":"h3","props":{"id":"chapter-11"},"children":[{"type":"text","value":"Chapter 11"}]},{"type":"element","tag":"p","props":{},"children":[{"type":"text","value":"In Chapter 11, you will learn how to create a simple project to connect\nto Web3 using the .NET platform and how to retrieve data from the\nblockchain to display wallet balances."}]},{"type":"element","tag":"h3","props":{"id":"chapter-12"},"children":[{"type":"text","value":"Chapter 12"}]},{"type":"element","tag":"p","props":{},"children":[{"type":"text","value":"Chapter 12 concludes the book."}]},{"type":"element","tag":"h2","props":{"id":"how-to-get"},"children":[{"type":"text","value":"How to Get"}]},{"type":"element","tag":"ul","props":{},"children":[{"type":"element","tag":"li","props":{},"children":[{"type":"text","value":"Oreilly (Buy): "},{"type":"element","tag":"a","props":{"href":"https://www.oreilly.com/library/view/getting-started-with/9781484280454/","rel":["nofollow"]},"children":[{"type":"text","value":"Getting Started with Ethereum: A Step-by-Step Guide to Becoming a Blockchain Developer"}]}]},{"type":"element","tag":"li","props":{},"children":[{"type":"text","value":"Download From libgen (PDF): "},{"type":"element","tag":"a","props":{"href":"http://libgen.is/book/index.php?md5=6C2B5BFC492AB5D2C7BD898863C7A4DB","rel":["nofollow"]},"children":[{"type":"text","value":"Getting Started with Ethereum: A Step-by-Step Guide to Becoming a Blockchain Developer"}]}]}]}],"toc":{"title":"","searchDepth":2,"depth":2,"links":[{"id":"introduction","depth":2,"text":"Introduction","children":[{"id":"chapter-1","depth":3,"text":"Chapter 1"},{"id":"chapter-2","depth":3,"text":"Chapter 2"},{"id":"chapter-3","depth":3,"text":"Chapter 3"},{"id":"chapter-4","depth":3,"text":"Chapter 4"},{"id":"chapter-5","depth":3,"text":"Chapter 5"},{"id":"chapter-6","depth":3,"text":"Chapter 6"},{"id":"chapter-7","depth":3,"text":"Chapter 7"},{"id":"chapter-8","depth":3,"text":"Chapter 8"},{"id":"chapter-9","depth":3,"text":"Chapter 9"},{"id":"chapter-10","depth":3,"text":"Chapter 10"},{"id":"chapter-11","depth":3,"text":"Chapter 11"},{"id":"chapter-12","depth":3,"text":"Chapter 12"}]},{"id":"how-to-get","depth":2,"text":"How to Get"}]}},"_type":"markdown","_id":"content:notes:getting-started-with-ethereum.md","_source":"content","_file":"notes/getting-started-with-ethereum.md","_stem":"notes/getting-started-with-ethereum","_extension":"md"}