{"_path":"/cat/tuts","_dir":"cat","_draft":false,"_partial":false,"_locale":"","title":"آموزش","description":"آموزش تکنولوژی ها و ابزار های کاربردی","thumbnail":"Programming-Language-PNG-Download-Image.png","menu":true,"menu_order":3,"body":{"type":"root","children":[{"type":"element","tag":"p","props":{},"children":[{"type":"text","value":"آموزش تکنولوژی ها و ابزار های کاربردی"}]}],"toc":{"title":"","searchDepth":2,"depth":2,"links":[]}},"_type":"markdown","_id":"content:cat:tuts.md","_source":"content","_file":"cat/tuts.md","_stem":"cat/tuts","_extension":"md"}