{"_path":"/notes/building-progressive-web-applications-with-vue-js","_dir":"notes","_draft":false,"_partial":false,"_locale":"","title":"Building Progressive Web Applications with Vue.js","description":"Progressive web apps (PWAs) were initially introduced by Google in 2015 and proved to bring many advantages to the web platform. In this book, we are going to examine how to empower our web apps to be fast and reliable, and to provide an immersive user experience with offline support.","date":"2021/09/11","category":"کتاب","tags":["Vue","PWA","JamStack"],"thumbnail":"Building-Progressive-Web-Applications-with-Vuejs.webp","dir":"ltr","banner":false,"body":{"type":"root","children":[{"type":"element","tag":"h2","props":{"id":"introduction"},"children":[{"type":"text","value":"Introduction"}]},{"type":"element","tag":"p","props":{},"children":[{"type":"element","tag":"code","props":{"className":[]},"children":[{"type":"text","value":"From Book"}]}]},{"type":"element","tag":"p","props":{},"children":[{"type":"text","value":"Progressive web apps (PWAs) were initially introduced by Google in 2015\nand proved to bring many advantages to the web platform. In this book, we\nare going to examine how to empower our web apps to be fast and reliable,\nand to provide an immersive user experience with offline support."}]},{"type":"element","tag":"h3","props":{"id":"chapter-1"},"children":[{"type":"text","value":"Chapter 1"}]},{"type":"element","tag":"p","props":{},"children":[{"type":"text","value":"In Chapter 1, we create our first PWA. I guide you in all the steps you\nneed to know to add offline capabilities and to make a simple web app\na PWA."}]},{"type":"element","tag":"h3","props":{"id":"chapter-2"},"children":[{"type":"text","value":"Chapter 2"}]},{"type":"element","tag":"p","props":{},"children":[{"type":"text","value":"In Chapter 2, we take a look at the web app manifest, which is a\nsimple, but powerful, specification that allows the browsers when can\ninstall a web app like a native app according to the operating system."}]},{"type":"element","tag":"h3","props":{"id":"chapter-3"},"children":[{"type":"text","value":"Chapter 3"}]},{"type":"element","tag":"p","props":{},"children":[{"type":"text","value":"In Chapter 3, we study service workers, which are an amazing mechanism to\nhandle background events with JavaScript."}]},{"type":"element","tag":"h3","props":{"id":"chapter-4"},"children":[{"type":"text","value":"Chapter 4"}]},{"type":"element","tag":"p","props":{},"children":[{"type":"text","value":"In Chapter 4, we examine cache\nstorage and good-practice workflows to keep our offline data updated."}]},{"type":"element","tag":"h3","props":{"id":"chapter-5"},"children":[{"type":"text","value":"Chapter 5"}]},{"type":"element","tag":"p","props":{},"children":[{"type":"text","value":"In Chapter 5, we look at the main features and advantages of using Vue.js, a\nmodern JavaScript framework."}]},{"type":"element","tag":"h3","props":{"id":"chapter-6"},"children":[{"type":"text","value":"Chapter 6"}]},{"type":"element","tag":"p","props":{},"children":[{"type":"text","value":"In Chapter 6, we study how to use a database\nsupported widely in modern browsers, called IndexedDB, and how we can\ntake advantage of its asynchronous capabilities to empower our PWAs."}]},{"type":"element","tag":"h3","props":{"id":"chapter-7"},"children":[{"type":"text","value":"Chapter 7"}]},{"type":"element","tag":"p","props":{},"children":[{"type":"text","value":"In Chapter 7, we look at a simple, but powerful, application programming\ninterface, called Background Sync, that will allow our app to make the user\nexperience easy."}]},{"type":"element","tag":"h3","props":{"id":"chapter-8"},"children":[{"type":"text","value":"Chapter 8"}]},{"type":"element","tag":"p","props":{},"children":[{"type":"text","value":"In Chapter 8, we improve our engagement with our app\nand examine how to add push notifications to it. Last,"}]},{"type":"element","tag":"h3","props":{"id":"chapter-9"},"children":[{"type":"text","value":"Chapter 9"}]},{"type":"element","tag":"p","props":{},"children":[{"type":"text","value":"in Chapter 9, we polish the details of our app and make it available to the world."}]},{"type":"element","tag":"h2","props":{"id":"how-to-get"},"children":[{"type":"text","value":"How to Get"}]},{"type":"element","tag":"ul","props":{},"children":[{"type":"element","tag":"li","props":{},"children":[{"type":"text","value":"Apress (Buy): "},{"type":"element","tag":"a","props":{"href":"https://www.apress.com/gp/book/9781484253335","rel":["nofollow"]},"children":[{"type":"text","value":"Building Progressive Web Applications with Vue.js : Reliable, Fast, and Engaging Apps with Vue.js"}]}]},{"type":"element","tag":"li","props":{},"children":[{"type":"text","value":"Download From libgen (PDF): "},{"type":"element","tag":"a","props":{"href":"http://libgen.is/book/index.php?md5=20A804EDBC4C98A4D5B9EE3AEB49C83C","rel":["nofollow"]},"children":[{"type":"text","value":"Building Progressive Web Applications with Vue.js : Reliable, Fast, and Engaging Apps with Vue.js"}]}]}]}],"toc":{"title":"","searchDepth":2,"depth":2,"links":[{"id":"introduction","depth":2,"text":"Introduction","children":[{"id":"chapter-1","depth":3,"text":"Chapter 1"},{"id":"chapter-2","depth":3,"text":"Chapter 2"},{"id":"chapter-3","depth":3,"text":"Chapter 3"},{"id":"chapter-4","depth":3,"text":"Chapter 4"},{"id":"chapter-5","depth":3,"text":"Chapter 5"},{"id":"chapter-6","depth":3,"text":"Chapter 6"},{"id":"chapter-7","depth":3,"text":"Chapter 7"},{"id":"chapter-8","depth":3,"text":"Chapter 8"},{"id":"chapter-9","depth":3,"text":"Chapter 9"}]},{"id":"how-to-get","depth":2,"text":"How to Get"}]}},"_type":"markdown","_id":"content:notes:building-progressive-web-applications-with-vue-js.md","_source":"content","_file":"notes/building-progressive-web-applications-with-vue-js.md","_stem":"notes/building-progressive-web-applications-with-vue-js","_extension":"md"}