{"_path":"/cat/articles","_dir":"cat","_draft":false,"_partial":false,"_locale":"","title":"یادداشت","description":"یادداشت های پراکنده در حوزه های مختلف","thumbnail":"Blogging.png","menu":true,"menu_order":2,"body":{"type":"root","children":[{"type":"element","tag":"p","props":{},"children":[{"type":"text","value":"یادداشت های پراکنده در حوزه های مختلف"}]}],"toc":{"title":"","searchDepth":2,"depth":2,"links":[]}},"_type":"markdown","_id":"content:cat:articles.md","_source":"content","_file":"cat/articles.md","_stem":"cat/articles","_extension":"md"}