[{"_path":"/notes/webassembly-in-action","_dir":"notes","_draft":false,"_partial":false,"_locale":"","title":"WebAssembly in Action","description":"WebAssembly in Action introduces the WebAssembly stack and walks you through the process of writing and running browser-based applications. Expert developer Gerard Gallant gives you a firm foundation of the structure of a module, HTML basics, JavaScript Promises, and the WebAssembly JavaScript API.","thumbnail":"wasm-in-actions.png","date":"2023-08-31T00:00:00.000Z","category":"کتاب","banner":false,"comment":false,"dir":"ltr","tags":["wasm","golang","tinygo"],"body":{"type":"root","children":[{"type":"element","tag":"h2","props":{"id":"about-the-book"},"children":[{"type":"text","value":"About the Book"}]},{"type":"element","tag":"p","props":{},"children":[{"type":"text","value":"WebAssembly in Action teaches you how to write and run high-performance browser-based applications using C++ and other languages supported by WebAssembly. In it, you'll learn to create native WebAssembly modules, interact with JavaScript components, and maximize performance with web workers and pthreads. And you'll love how the clearly organized sections make it a breeze to find the important details about every function, feature, and technique."}]},{"type":"element","tag":"h3","props":{"id":"about-the-technology"},"children":[{"type":"text","value":"About the Technology"}]},{"type":"element","tag":"p","props":{},"children":[{"type":"text","value":"Write high-performance browser-based applications without relying only on JavaScript! By compiling to the WebAssembly binary format, your C, C++, or Rust code runs at near-native speed in the browser. WebAssembly delivers greater speed, opportunities to reuse existing code, and access to newer and faster libraries. Plus, you can easily interact with JavaScript when you need to."}]},{"type":"element","tag":"h3","props":{"id":"whats-inside"},"children":[{"type":"text","value":"What's inside"}]},{"type":"element","tag":"p","props":{},"children":[{"type":"text","value":"• Dynamic linking of multiple modules at runtime\n• Communicating between modules and JavaScript\n• Debugging with WebAssembly Text Format\n• Threading with web workers and pthreads"}]},{"type":"element","tag":"h3","props":{"id":"about-the-reader"},"children":[{"type":"text","value":"About the Reader"}]},{"type":"element","tag":"p","props":{},"children":[{"type":"text","value":"Written for developers with a basic understanding of C/C++, JavaScript, and HTML."}]},{"type":"element","tag":"h3","props":{"id":"about-the-author"},"children":[{"type":"text","value":"About the Author"}]},{"type":"element","tag":"p","props":{},"children":[{"type":"text","value":"Gerard Gallant is a Microsoft Certified Professional and a Senior Software Developer at Dovico Software. He blogs regularly on Blogger.com and DZone.com."}]},{"type":"element","tag":"h2","props":{"id":"table-of-contents"},"children":[{"type":"text","value":"Table of contents"}]},{"type":"element","tag":"h3","props":{"id":"part-1-first-steps"},"children":[{"type":"text","value":"PART 1 - FIRST STEPS"}]},{"type":"element","tag":"ol","props":{},"children":[{"type":"element","tag":"li","props":{},"children":[{"type":"text","value":"Meet WebAssembly"}]},{"type":"element","tag":"li","props":{},"children":[{"type":"text","value":"A look inside WebAssembly modules"}]},{"type":"element","tag":"li","props":{},"children":[{"type":"text","value":"Creating your first WebAssembly module"}]}]},{"type":"element","tag":"h3","props":{"id":"part-2-working-with-modules"},"children":[{"type":"text","value":"PART 2 - WORKING WITH MODULES"}]},{"type":"element","tag":"ol","props":{"start":4},"children":[{"type":"element","tag":"li","props":{},"children":[{"type":"text","value":"Reusing your existing C++ codebase"}]},{"type":"element","tag":"li","props":{},"children":[{"type":"text","value":"Creating a WebAssembly module that calls into JavaScript"}]},{"type":"element","tag":"li","props":{},"children":[{"type":"text","value":"Creating a WebAssembly module that talks to JavaScript using function pointers"}]}]},{"type":"element","tag":"h3","props":{"id":"part-3-advanced-topics"},"children":[{"type":"text","value":"PART 3 - ADVANCED TOPICS"}]},{"type":"element","tag":"ol","props":{"start":7},"children":[{"type":"element","tag":"li","props":{},"children":[{"type":"text","value":"Dynamic linking: The basics"}]},{"type":"element","tag":"li","props":{},"children":[{"type":"text","value":"Dynamic linking: The implementation"}]},{"type":"element","tag":"li","props":{},"children":[{"type":"text","value":"Threading: Web workers and pthreads"}]},{"type":"element","tag":"li","props":{},"children":[{"type":"text","value":"WebAssembly modules in Node.js"}]}]},{"type":"element","tag":"h3","props":{"id":"part-4-debugging-and-testing"},"children":[{"type":"text","value":"PART 4 - DEBUGGING AND TESTING"}]},{"type":"element","tag":"ol","props":{"start":11},"children":[{"type":"element","tag":"li","props":{},"children":[{"type":"text","value":"WebAssembly text format"}]},{"type":"element","tag":"li","props":{},"children":[{"type":"text","value":"Debugging"}]},{"type":"element","tag":"li","props":{},"children":[{"type":"text","value":"Testing — and then what?"}]}]},{"type":"element","tag":"h2","props":{"id":"how-to-get"},"children":[{"type":"text","value":"How to Get"}]},{"type":"element","tag":"ul","props":{},"children":[{"type":"element","tag":"li","props":{},"children":[{"type":"text","value":"Manning Publications (Buy): "},{"type":"element","tag":"a","props":{"href":"https://www.manning.com/books/webassembly-in-action","rel":["nofollow"]},"children":[{"type":"text","value":"WebAssembly in Action"}]}]},{"type":"element","tag":"li","props":{},"children":[{"type":"text","value":"Download From libgen (PDF): "},{"type":"element","tag":"a","props":{"href":"http://libgen.is/book/index.php?md5=7472D5B97E5A0CD7F6C2948FB96D899A","rel":["nofollow"]},"children":[{"type":"text","value":"WebAssembly in Action"}]}]}]}],"toc":{"title":"","searchDepth":2,"depth":2,"links":[{"id":"about-the-book","depth":2,"text":"About the Book","children":[{"id":"about-the-technology","depth":3,"text":"About the Technology"},{"id":"whats-inside","depth":3,"text":"What's inside"},{"id":"about-the-reader","depth":3,"text":"About the Reader"},{"id":"about-the-author","depth":3,"text":"About the Author"}]},{"id":"table-of-contents","depth":2,"text":"Table of contents","children":[{"id":"part-1-first-steps","depth":3,"text":"PART 1 - FIRST STEPS"},{"id":"part-2-working-with-modules","depth":3,"text":"PART 2 - WORKING WITH MODULES"},{"id":"part-3-advanced-topics","depth":3,"text":"PART 3 - ADVANCED TOPICS"},{"id":"part-4-debugging-and-testing","depth":3,"text":"PART 4 - DEBUGGING AND TESTING"}]},{"id":"how-to-get","depth":2,"text":"How to Get"}]}},"_type":"markdown","_id":"content:notes:WebAssembly-in-Action.md","_source":"content","_file":"notes/WebAssembly-in-Action.md","_stem":"notes/WebAssembly-in-Action","_extension":"md"},{"_path":"/notes/getting-started-with-ethereum","_dir":"notes","_draft":false,"_partial":false,"_locale":"","title":"Getting Started with Ethereum","description":"Get started with blockchain development with this step-by-step guide. This book takes you all the way from installing requisite software through writing, testing, and deploying smart contracts. Getting Started with Ethereum delves into technologies most closely associated with Ethereum, such as IPFS, Filecoin, ENS, Chainlink, Truffle, Ganache, OpenZeppelin, Pinata, Fleek, Infura, Metamask, and Opensea. Author Davi Bauer walks you through project creation, how to compile projects and contracts, configure networks, and deploy smart contracts on blockchains. He then covers smart contracts, including deploying and verifying them. This book approaches blockchain in a way that allows you to focus on the topic that most interests you, covering Ethereum-related technologies broadly and not just focusing on Solidity.","date":"2023-01-18T19:14:50.978Z","category":"کتاب","tags":["NFT","Blockchain","OpenZeppelin","Solidity"],"thumbnail":"6c2b5bfc492ab5d2c7bd898863c7a4db-d.webp","banner":false,"dir":"ltr","body":{"type":"root","children":[{"type":"element","tag":"h2","props":{"id":"introduction"},"children":[{"type":"text","value":"Introduction"}]},{"type":"element","tag":"p","props":{},"children":[{"type":"text","value":"This book is a step-by-step guide for everyone who wants to get started\nas an Ethereum developer. It was designed for those who have never\nprogrammed anything in the blockchain and want to get started.\nI will cover everything from the basic requirements of installation to\nwriting, testing, and deploying smart contracts. I will also cover topics such\nas IPFS, Filecoin, ENS, Chainlink, Truffle, Ganache, OpenZeppelin, Pinata,\nFleek, Infura, MetaMask, and OpenSea, among others."}]},{"type":"element","tag":"h3","props":{"id":"chapter-1"},"children":[{"type":"text","value":"Chapter 1"}]},{"type":"element","tag":"p","props":{},"children":[{"type":"text","value":"In Chapter 1, I will go through all the necessary requirements to start\nthe activities described in this book. It covers software and tools such as\nDocker, Truffle, Ganache, MetaMask, and Infura."}]},{"type":"element","tag":"h3","props":{"id":"chapter-2"},"children":[{"type":"text","value":"Chapter 2"}]},{"type":"element","tag":"p","props":{},"children":[{"type":"text","value":"In Chapter 2, you will learn how to create a basic Solidity project using\nthe VS Code extension and then compile and deploy the smart contract to\na local blockchain."}]},{"type":"element","tag":"h3","props":{"id":"chapter-3"},"children":[{"type":"text","value":"Chapter 3"}]},{"type":"element","tag":"p","props":{},"children":[{"type":"text","value":"In Chapter 3, you will learn how to code smart contracts to create\nyour own coin and deploy it to a local blockchain. Fungible tokens are\ninterchangeable, so they are perfect to solve problems such as double\nspending. You will also be able to add this token to your own wallet\nand send it to different wallets, as well as send other coins that you\nalready have."}]},{"type":"element","tag":"h3","props":{"id":"chapter-4"},"children":[{"type":"text","value":"Chapter 4"}]},{"type":"element","tag":"p","props":{},"children":[{"type":"text","value":"In Chapter 4, you will learn how to create a unit test file for a smart\ncontract, as well as write test assertions, run the unit tests, and check the\nunit test results."}]},{"type":"element","tag":"h3","props":{"id":"chapter-5"},"children":[{"type":"text","value":"Chapter 5"}]},{"type":"element","tag":"p","props":{},"children":[{"type":"text","value":"In Chapter 5, you will be able to create smart contracts for badge\ntokens. You can use badge tokens, also known as NFTs, to represent\nphysical things in the virtual world, such as digital collectibles, game items,\ndigital art, etc. Each NFT token is unique and can have a unique value.\nxvIntroduction In this chapter, you will learn how to code the smart contract with the help\nof the OpenZeppelin library. You will also create the badge and add it to\nIPFS node. After that, you will learn to pin it so it is available for everyone,\neverywhere. Next, you will learn how to migrate the contract to different\nenvironments such as a local blockchain using Ganache and testnets using\nInfura. Finally, you will learn how to sell your own NFT on OpenSea."}]},{"type":"element","tag":"h3","props":{"id":"chapter-6"},"children":[{"type":"text","value":"Chapter 6"}]},{"type":"element","tag":"p","props":{},"children":[{"type":"text","value":"In Chapter 6, we will cover different ways to fund your wallet using\nfaucets. This part is important because you will need some ether in your\nwallet in order to pay for the transaction. Most of the examples will be\ndeployed on testnets so you won’t need real money to execute them."}]},{"type":"element","tag":"h3","props":{"id":"chapter-7"},"children":[{"type":"text","value":"Chapter 7"}]},{"type":"element","tag":"p","props":{},"children":[{"type":"text","value":"In Chapter 7, you will learn how to create and save files on a\ndecentralized file system. I also cover some tools such as a browser\nextension that will help you manage the node, as well as Pinata to help you\npin your files remotely instead of keeping them locally. In addition, you\nwill be able to host your own site on IPFS using Fleek."}]},{"type":"element","tag":"h3","props":{"id":"chapter-8"},"children":[{"type":"text","value":"Chapter 8"}]},{"type":"element","tag":"p","props":{},"children":[{"type":"text","value":"In Chapter 8, I will cover ways to preserve files on a local node. The\nidea behind Filecoin is the same of IPFS, with the difference that Filecoin\nhas an incentive mechanism and incentive nodes to preserve files. Filecoin\nwas built on top of IPFS."}]},{"type":"element","tag":"h3","props":{"id":"chapter-9"},"children":[{"type":"text","value":"Chapter 9"}]},{"type":"element","tag":"p","props":{},"children":[{"type":"text","value":"In Chapter 9, you will learn how to register a custom domain on the\nEthereum Name System. You can use it to host a site under this domain\nname or even as a domain for your wallet to receive cryptos, tokens,\nor NFTs."}]},{"type":"element","tag":"h3","props":{"id":"chapter-10"},"children":[{"type":"text","value":"Chapter 10"}]},{"type":"element","tag":"p","props":{},"children":[{"type":"text","value":"In Chapter 10, I will cover use cases where you need to pull data from\noff-chain using oracles. You will learn how to use price feeds and then\ncrypto prices inside smart contracts."}]},{"type":"element","tag":"h3","props":{"id":"chapter-11"},"children":[{"type":"text","value":"Chapter 11"}]},{"type":"element","tag":"p","props":{},"children":[{"type":"text","value":"In Chapter 11, you will learn how to create a simple project to connect\nto Web3 using the .NET platform and how to retrieve data from the\nblockchain to display wallet balances."}]},{"type":"element","tag":"h3","props":{"id":"chapter-12"},"children":[{"type":"text","value":"Chapter 12"}]},{"type":"element","tag":"p","props":{},"children":[{"type":"text","value":"Chapter 12 concludes the book."}]},{"type":"element","tag":"h2","props":{"id":"how-to-get"},"children":[{"type":"text","value":"How to Get"}]},{"type":"element","tag":"ul","props":{},"children":[{"type":"element","tag":"li","props":{},"children":[{"type":"text","value":"Oreilly (Buy): "},{"type":"element","tag":"a","props":{"href":"https://www.oreilly.com/library/view/getting-started-with/9781484280454/","rel":["nofollow"]},"children":[{"type":"text","value":"Getting Started with Ethereum: A Step-by-Step Guide to Becoming a Blockchain Developer"}]}]},{"type":"element","tag":"li","props":{},"children":[{"type":"text","value":"Download From libgen (PDF): "},{"type":"element","tag":"a","props":{"href":"http://libgen.is/book/index.php?md5=6C2B5BFC492AB5D2C7BD898863C7A4DB","rel":["nofollow"]},"children":[{"type":"text","value":"Getting Started with Ethereum: A Step-by-Step Guide to Becoming a Blockchain Developer"}]}]}]}],"toc":{"title":"","searchDepth":2,"depth":2,"links":[{"id":"introduction","depth":2,"text":"Introduction","children":[{"id":"chapter-1","depth":3,"text":"Chapter 1"},{"id":"chapter-2","depth":3,"text":"Chapter 2"},{"id":"chapter-3","depth":3,"text":"Chapter 3"},{"id":"chapter-4","depth":3,"text":"Chapter 4"},{"id":"chapter-5","depth":3,"text":"Chapter 5"},{"id":"chapter-6","depth":3,"text":"Chapter 6"},{"id":"chapter-7","depth":3,"text":"Chapter 7"},{"id":"chapter-8","depth":3,"text":"Chapter 8"},{"id":"chapter-9","depth":3,"text":"Chapter 9"},{"id":"chapter-10","depth":3,"text":"Chapter 10"},{"id":"chapter-11","depth":3,"text":"Chapter 11"},{"id":"chapter-12","depth":3,"text":"Chapter 12"}]},{"id":"how-to-get","depth":2,"text":"How to Get"}]}},"_type":"markdown","_id":"content:notes:getting-started-with-ethereum.md","_source":"content","_file":"notes/getting-started-with-ethereum.md","_stem":"notes/getting-started-with-ethereum","_extension":"md"},{"_path":"/notes/the-practitioner-s-guide-to-graph-data","_dir":"notes","_draft":false,"_partial":false,"_locale":"","title":"The Practitioner’s Guide to Graph Data","description":"Think about the last time you searched for someone on a social media platform. What did you look at on the results page? Most likely, you started scanning down the names in the list of profile results. And you probably spent most of your time inspecting the “shared friends” section to understand how you knew someone.","date":"2021/10/11","tags":["Graph Data","Graph Database"],"category":"کتاب","thumbnail":"The-Practitioners-Guide-To-Graph-Data.webp","banner":false,"dir":"ltr","body":{"type":"root","children":[{"type":"element","tag":"h2","props":{"id":"preface"},"children":[{"type":"text","value":"Preface"}]},{"type":"element","tag":"p","props":{},"children":[{"type":"text","value":"Applying Graph Thinking and Graph Technologies to Solve Complex Problems"}]},{"type":"element","tag":"p","props":{},"children":[{"type":"element","tag":"code","props":{"className":[]},"children":[{"type":"text","value":"From Book"}]}]},{"type":"element","tag":"p","props":{},"children":[{"type":"text","value":"Think about the last time you searched for someone on a social media platform.\nWhat did you look at on the results page?\nMost likely, you started scanning down the names in the list of profile results. And\nyou probably spent most of your time inspecting the “shared friends” section to\nunderstand how you knew someone.\nOur innate human behavior of reasoning about our shared friends on social media is\nwhat inspired us to write this book. Though, our shared inspiration generated two\nvery different reasons behind why we wrote this book.\nFirst, have you ever stopped to think about how an app creates the “shared friends”\nsection?"}]},{"type":"element","tag":"p","props":{},"children":[{"type":"text","value":"The engineering required to deliver your “shared friends” in search results creates an\nintricate orchestration of tools and data to solve an extremely complex, distributed\nproblem. We have either built those sections or created the tools that deliver them.\nOur passion for understanding and teaching others from our collective experiences is\nthe first reason we chose to write this book together.\nThe second reason is that anyone who uses social media intuitively derives personal\ncontext directly from the “shared friends” section. This process of reasoning and\nthinking about relationships within data is called graph thinking, and that is what we\nname the human approach to understanding life through connected data.\nHow did we all learn to do this?"}]},{"type":"element","tag":"p","props":{},"children":[{"type":"text","value":"There wasn’t a specific point in time when we all were taught this skill. Processing\nrelationships among people, places, or things is just how we think.\nIt is the ease with which people infer context from relationships, be it in real life or\nfrom data, that has ignited the wave of graph thinking.\nxiAnd when it comes to understanding graph thinking, most people fall into one of two\ncamps: those who think graphs are about bar charts, or those who think graphs are\nway too complicated. Either way, these thought processes apply legacy approaches to\nthinking about data and technology. The problem is that the art of the possible has\nchanged, our tools have improved, and there are new lessons to learn.\nWe believe that graphs are powerful and deployable. Graph technology can make you\nmore productive; we have worked with teams that told us so.\nThis book brings these two mindsets together.\nGraph thinking closes the gap between how we humans operate/see/live and how we\nuse data to inform a decision. Imagine seeing your whole world as a spreadsheet with\nrows and columns of data and trying to make sense of it all. For the majority of us,\nthe exercise is unnatural and counterproductive.\nThis is because relationships are how people navigate and reason about life. It is com‐\nputers that need databases and operate in the world of rows and columns of data.\nGraph thinking is a way to solve complex problems by taking a relationship-centric\napproach. Graph technology bridges the gap between “relationships” and the linear\nmemory constraints of modern computer infrastructure.\nAs more people learn how to build with graph technology by applying graph think‐\ning, imagine what the next wave of innovation will bring."}]},{"type":"element","tag":"h2","props":{"id":"who-should-read-this-book"},"children":[{"type":"text","value":"Who Should Read This Book"}]},{"type":"element","tag":"p","props":{},"children":[{"type":"text","value":"This book aims to teach you two things. First, we will teach you about graph thinking\nand the graph mindset through asking questions and reasoning about data. Second,\nwe will walk you through writing code that solves the most common, complex graph\nproblems."}]},{"type":"element","tag":"p","props":{},"children":[{"type":"text","value":"These new concepts are intertwined within the tasks commonly performed across a\nfew different engineering functions."}]},{"type":"element","tag":"p","props":{},"children":[{"type":"text","value":"Data engineers and architects sit at the heart of transitioning an idea from develop‐\nment into production. We organized this book to show you how to resolve common\nassumptions that can occur when moving from development into production with\ngraph data and graph tools. Another benefit to the data engineer or data architect will\nbe learning the world of possibilities that come from understanding graph thinking.\nSynthesizing the breadth of problems that can be solved with graph data will also help\nyou invent new patterns for their use in production applications.\nData scientists and data analysts may most benefit from reasoning about how to use\ngraph data to answer interesting questions. All the examples throughout this text\nwere constructed to apply a query-first approach to graph data. A secondary benefit"}]},{"type":"element","tag":"p","props":{},"children":[{"type":"text","value":"Prefacefor a data scientist or analyst will be to understand the complexity of using dis‐\ntributed graph data within a production application. We teach and build upon the\ncommon development pitfalls and their production resolution processes throughout\nthe book so that you can formulate new types of problems to solve."}]},{"type":"element","tag":"p","props":{},"children":[{"type":"text","value":"Computer scientists will learn how to use techniques in functional programming and\ndistributed systems to query and reason about graph data. We will outline fundamen‐\ntal approaches to procedurally traversing graph data and step through their applica‐\ntion with graph tools. Along the way we will learn about distributed technologies, too.\nWe will be working within the intersection of graph data and distributed, complex\nproblems; a fascinating combination of engineering topics with something to learn\nfor any technologist."}]},{"type":"element","tag":"h2","props":{"id":"goals-of-this-book"},"children":[{"type":"text","value":"Goals of This Book"}]},{"type":"element","tag":"p","props":{},"children":[{"type":"text","value":"The first goal of this book is to create a new foundation that exists at a very diverse\nintersection. We will be working with concepts from graph theory, database schema,\ndistributed systems, data analysis, and many other fields. This unique intersection\nforms what we refer to in this book as graph thinking. A new application domain\nrequires new terms, examples, and techniques. This book serves as your foundation\nfor understanding this emerging field."}]},{"type":"element","tag":"p","props":{},"children":[{"type":"text","value":"From the past decade of graph technology emerged a common set of patterns for\nusing graph data in production applications. The second goal of this book is to teach\nyou those patterns. We define, illustrate, build, and implement the most popular ways\nteams use graph technology to solve complex problems. After studying this book, you\nwill have a set of templates for building with graph technology to solve this common\nset of problems."}]},{"type":"element","tag":"p","props":{},"children":[{"type":"text","value":"The third goal of this book is to transform how you think. Understanding and apply‐\ning graph data to your problem introduces a paradigm shift into your thought pro‐\ncesses. Through many upcoming examples, we aim to teach you the common ways\nthat others think and reason about graph data within an application. This book\nteaches you what you need to know to apply graph thinking to a technology decision."}]},{"type":"element","tag":"h2","props":{"id":"navigating-this-book"},"children":[{"type":"text","value":"Navigating This Book"}]},{"type":"element","tag":"p","props":{},"children":[{"type":"text","value":"This book is organized roughly as follows:"}]},{"type":"element","tag":"h3","props":{"id":"chapter-1"},"children":[{"type":"text","value":"Chapter 1"}]},{"type":"element","tag":"p","props":{},"children":[{"type":"text","value":"Chapter 1 discusses graph thinking and provides detailed processes for its appli‐\ncation to complex problems."}]},{"type":"element","tag":"h3","props":{"id":"chapter-23"},"children":[{"type":"text","value":"Chapter 2,3"}]},{"type":"element","tag":"p","props":{},"children":[{"type":"text","value":"Chapters 2 and 3 introduce fundamental graph concepts that will be used\nthroughout the rest of the book."}]},{"type":"element","tag":"h3","props":{"id":"chapter-45"},"children":[{"type":"text","value":"Chapter 4,5"}]},{"type":"element","tag":"p","props":{},"children":[{"type":"text","value":"Chapters 4 and 5 apply graph thinking and distributed graph technology to\nbuilding a Customer 360 banking application, the most popular use case for\ngraph data today."}]},{"type":"element","tag":"h3","props":{"id":"chapter-67"},"children":[{"type":"text","value":"Chapter 6,7"}]},{"type":"element","tag":"p","props":{},"children":[{"type":"text","value":"Chapters 6 and 7 into the world of hierarchical data and nested graph data\nthrough a telecommunications use case. Chapter 6 sets the stage for a common\nerror that is resolved in Chapter 7."}]},{"type":"element","tag":"h3","props":{"id":"chapter-89"},"children":[{"type":"text","value":"Chapter 8,9"}]},{"type":"element","tag":"p","props":{},"children":[{"type":"text","value":"Chapters 8 and 9 discuss pathfinding across graph data in detail, using an exam‐\nple of quantifying trust in social transaction networks via paths."}]},{"type":"element","tag":"h3","props":{"id":"chapter-101112"},"children":[{"type":"text","value":"Chapter 10,11,12"}]},{"type":"element","tag":"p","props":{},"children":[{"type":"text","value":"Chapters 10 and 12 teach you how to use collaborative filtering on graph data to\ndesign a Netflix-inspired recommendation system."}]},{"type":"element","tag":"p","props":{},"children":[{"type":"text","value":"Chapter 11 can be thought of as a bonus chapter that illustrates how to apply\nentity resolution to the merging of multiple datasets into one large graph for col‐\nlective analysis."}]},{"type":"element","tag":"p","props":{},"children":[{"type":"text","value":"Each chapter pair (4 and 5, 6 and 7, 8 and 9, 10 and 12) follows the same structure.\nThe first chapter in each pair introduces new concepts and a new example use case in\na development environment. The second chapter delves into the details of production\nissues, such as"}]},{"type":"element","tag":"h2","props":{"id":"how-to-get"},"children":[{"type":"text","value":"How to Get"}]},{"type":"element","tag":"ul","props":{},"children":[{"type":"element","tag":"li","props":{},"children":[{"type":"text","value":"Oreilly (Buy): "},{"type":"element","tag":"a","props":{"href":"https://www.oreilly.com/library/view/the-practitioners-guide/9781492044062/","rel":["nofollow"]},"children":[{"type":"text","value":"The Practitioner's Guide to Graph Dat: Applying Graph Thinking and Graph Technologies to Solve Complex Problems"}]}]},{"type":"element","tag":"li","props":{},"children":[{"type":"text","value":"Download From libgen (PDF): "},{"type":"element","tag":"a","props":{"href":"http://libgen.is/book/index.php?md5=2F852C74D4139268D520CB3E4B1662D3","rel":["nofollow"]},"children":[{"type":"text","value":"The Practitioner’s Guide To Graph Data: Applying Graph Thinking And Graph Technologies To Solve Complex Problems"}]}]}]}],"toc":{"title":"","searchDepth":2,"depth":2,"links":[{"id":"preface","depth":2,"text":"Preface"},{"id":"who-should-read-this-book","depth":2,"text":"Who Should Read This Book"},{"id":"goals-of-this-book","depth":2,"text":"Goals of This Book"},{"id":"navigating-this-book","depth":2,"text":"Navigating This Book","children":[{"id":"chapter-1","depth":3,"text":"Chapter 1"},{"id":"chapter-23","depth":3,"text":"Chapter 2,3"},{"id":"chapter-45","depth":3,"text":"Chapter 4,5"},{"id":"chapter-67","depth":3,"text":"Chapter 6,7"},{"id":"chapter-89","depth":3,"text":"Chapter 8,9"},{"id":"chapter-101112","depth":3,"text":"Chapter 10,11,12"}]},{"id":"how-to-get","depth":2,"text":"How to Get"}]}},"_type":"markdown","_id":"content:notes:the-practitioner-s-guide-to-graph-data.md","_source":"content","_file":"notes/the-practitioner-s-guide-to-graph-data.md","_stem":"notes/the-practitioner-s-guide-to-graph-data","_extension":"md"},{"_path":"/notes/building-progressive-web-applications-with-vue-js","_dir":"notes","_draft":false,"_partial":false,"_locale":"","title":"Building Progressive Web Applications with Vue.js","description":"Progressive web apps (PWAs) were initially introduced by Google in 2015 and proved to bring many advantages to the web platform. In this book, we are going to examine how to empower our web apps to be fast and reliable, and to provide an immersive user experience with offline support.","date":"2021/09/11","category":"کتاب","tags":["Vue","PWA","JamStack"],"thumbnail":"Building-Progressive-Web-Applications-with-Vuejs.webp","dir":"ltr","banner":false,"body":{"type":"root","children":[{"type":"element","tag":"h2","props":{"id":"introduction"},"children":[{"type":"text","value":"Introduction"}]},{"type":"element","tag":"p","props":{},"children":[{"type":"element","tag":"code","props":{"className":[]},"children":[{"type":"text","value":"From Book"}]}]},{"type":"element","tag":"p","props":{},"children":[{"type":"text","value":"Progressive web apps (PWAs) were initially introduced by Google in 2015\nand proved to bring many advantages to the web platform. In this book, we\nare going to examine how to empower our web apps to be fast and reliable,\nand to provide an immersive user experience with offline support."}]},{"type":"element","tag":"h3","props":{"id":"chapter-1"},"children":[{"type":"text","value":"Chapter 1"}]},{"type":"element","tag":"p","props":{},"children":[{"type":"text","value":"In Chapter 1, we create our first PWA. I guide you in all the steps you\nneed to know to add offline capabilities and to make a simple web app\na PWA."}]},{"type":"element","tag":"h3","props":{"id":"chapter-2"},"children":[{"type":"text","value":"Chapter 2"}]},{"type":"element","tag":"p","props":{},"children":[{"type":"text","value":"In Chapter 2, we take a look at the web app manifest, which is a\nsimple, but powerful, specification that allows the browsers when can\ninstall a web app like a native app according to the operating system."}]},{"type":"element","tag":"h3","props":{"id":"chapter-3"},"children":[{"type":"text","value":"Chapter 3"}]},{"type":"element","tag":"p","props":{},"children":[{"type":"text","value":"In Chapter 3, we study service workers, which are an amazing mechanism to\nhandle background events with JavaScript."}]},{"type":"element","tag":"h3","props":{"id":"chapter-4"},"children":[{"type":"text","value":"Chapter 4"}]},{"type":"element","tag":"p","props":{},"children":[{"type":"text","value":"In Chapter 4, we examine cache\nstorage and good-practice workflows to keep our offline data updated."}]},{"type":"element","tag":"h3","props":{"id":"chapter-5"},"children":[{"type":"text","value":"Chapter 5"}]},{"type":"element","tag":"p","props":{},"children":[{"type":"text","value":"In Chapter 5, we look at the main features and advantages of using Vue.js, a\nmodern JavaScript framework."}]},{"type":"element","tag":"h3","props":{"id":"chapter-6"},"children":[{"type":"text","value":"Chapter 6"}]},{"type":"element","tag":"p","props":{},"children":[{"type":"text","value":"In Chapter 6, we study how to use a database\nsupported widely in modern browsers, called IndexedDB, and how we can\ntake advantage of its asynchronous capabilities to empower our PWAs."}]},{"type":"element","tag":"h3","props":{"id":"chapter-7"},"children":[{"type":"text","value":"Chapter 7"}]},{"type":"element","tag":"p","props":{},"children":[{"type":"text","value":"In Chapter 7, we look at a simple, but powerful, application programming\ninterface, called Background Sync, that will allow our app to make the user\nexperience easy."}]},{"type":"element","tag":"h3","props":{"id":"chapter-8"},"children":[{"type":"text","value":"Chapter 8"}]},{"type":"element","tag":"p","props":{},"children":[{"type":"text","value":"In Chapter 8, we improve our engagement with our app\nand examine how to add push notifications to it. Last,"}]},{"type":"element","tag":"h3","props":{"id":"chapter-9"},"children":[{"type":"text","value":"Chapter 9"}]},{"type":"element","tag":"p","props":{},"children":[{"type":"text","value":"in Chapter 9, we polish the details of our app and make it available to the world."}]},{"type":"element","tag":"h2","props":{"id":"how-to-get"},"children":[{"type":"text","value":"How to Get"}]},{"type":"element","tag":"ul","props":{},"children":[{"type":"element","tag":"li","props":{},"children":[{"type":"text","value":"Apress (Buy): "},{"type":"element","tag":"a","props":{"href":"https://www.apress.com/gp/book/9781484253335","rel":["nofollow"]},"children":[{"type":"text","value":"Building Progressive Web Applications with Vue.js : Reliable, Fast, and Engaging Apps with Vue.js"}]}]},{"type":"element","tag":"li","props":{},"children":[{"type":"text","value":"Download From libgen (PDF): "},{"type":"element","tag":"a","props":{"href":"http://libgen.is/book/index.php?md5=20A804EDBC4C98A4D5B9EE3AEB49C83C","rel":["nofollow"]},"children":[{"type":"text","value":"Building Progressive Web Applications with Vue.js : Reliable, Fast, and Engaging Apps with Vue.js"}]}]}]}],"toc":{"title":"","searchDepth":2,"depth":2,"links":[{"id":"introduction","depth":2,"text":"Introduction","children":[{"id":"chapter-1","depth":3,"text":"Chapter 1"},{"id":"chapter-2","depth":3,"text":"Chapter 2"},{"id":"chapter-3","depth":3,"text":"Chapter 3"},{"id":"chapter-4","depth":3,"text":"Chapter 4"},{"id":"chapter-5","depth":3,"text":"Chapter 5"},{"id":"chapter-6","depth":3,"text":"Chapter 6"},{"id":"chapter-7","depth":3,"text":"Chapter 7"},{"id":"chapter-8","depth":3,"text":"Chapter 8"},{"id":"chapter-9","depth":3,"text":"Chapter 9"}]},{"id":"how-to-get","depth":2,"text":"How to Get"}]}},"_type":"markdown","_id":"content:notes:building-progressive-web-applications-with-vue-js.md","_source":"content","_file":"notes/building-progressive-web-applications-with-vue-js.md","_stem":"notes/building-progressive-web-applications-with-vue-js","_extension":"md"},{"_path":"/notes/tom-bombadil-and-goldberry","_dir":"notes","_draft":false,"_partial":false,"_locale":"","title":"تام بامبادیل","description":"نام شخصیتی است در رشته داستان‌های تالکین . در جلد اول سه‌گانهٔ ارباب حلقه‌ها ، فرودو و همراهانش او را در جنگل کهن ملاقات می‌کنند. این‌طور به نظر می‌آید که قدرت حلقه یگانه بر روی او اثری ندارد. او به همراه همسرش گلدبری، دختر رودخانه، در ویتی‌ویندل زندگی می‌کنند. در کتاب او با نام «ارباب درختان، آب‌ها و تپه‌ها» معرفی شده‌است. در پشت ظاهر سادهٔ تام بامبادیل دانش و قدرتی عظیم قرار دارد ولی در محدوده قلمرو خودش.","thumbnail":"tom-bombadil-and-goldberry.webp","date":"2021/09/11","tags":["J.R.R.Tolkien","The Lord of the Rings"],"category":"کتاب","banner":true,"body":{"type":"root","children":[{"type":"element","tag":"div","props":{"className":["ltr"]},"children":[{"type":"element","tag":"h2","props":{"id":"from-book"},"children":[{"type":"text","value":"From Book"}]},{"type":"element","tag":"p","props":{},"children":[{"type":"text","value":"Describes Tom's encounters with Goldberry, the River-woman's beautiful daughter; with Old Man Willow, who tries to trap Tom inside his trunk; with the Badger-folk; and with the ghostly Barrow-wight, who dwells in the ancient mound on the hilltop.\nAbstract: Describes Tom's encounters with Goldberry, the River-woman's beautiful daughter; with Old Man Willow, who tries to trap Tom inside his trunk; with the Badger-folk; and with the ghostly Barrow-wight, who dwells in the ancient mound on the hilltop"}]},{"type":"element","tag":"h2","props":{"id":"how-to-get"},"children":[{"type":"text","value":"How to Get"}]},{"type":"element","tag":"ul","props":{},"children":[{"type":"element","tag":"li","props":{},"children":[{"type":"text","value":"Amazon (Buy): "},{"type":"element","tag":"a","props":{"href":"https://www.amazon.com/Adventures-Tom-Bombadil-Other-Verses/dp/B005XEQ3WM","rel":["nofollow"]},"children":[{"type":"text","value":" The adventures of Tom Bombadil: and other verses from The red book"}]}]},{"type":"element","tag":"li","props":{},"children":[{"type":"text","value":"Download From libgen (EPUB): "},{"type":"element","tag":"a","props":{"href":"http://libgen.is/book/index.php?md5=96F2052A1D87E3F045130F5E633AC092","rel":["nofollow"]},"children":[{"type":"text","value":" The adventures of Tom Bombadil: and other verses from The red book"}]}]}]}]}],"toc":{"title":"","searchDepth":2,"depth":2,"links":[{"id":"from-book","depth":2,"text":"From Book"},{"id":"how-to-get","depth":2,"text":"How to Get"}]}},"_type":"markdown","_id":"content:notes:tom-bombadil-and-goldberry.md","_source":"content","_file":"notes/tom-bombadil-and-goldberry.md","_stem":"notes/tom-bombadil-and-goldberry","_extension":"md"},{"_path":"/notes/modern-web-development-on-the-jamstack","_dir":"notes","_draft":false,"_partial":false,"_locale":"","title":"Modern Web Development on the JAMstack","description":"In just the past few years, a flurry of advancements has greatly strengthened the web as a content and application platform. Brows‐ ers are much more powerful. JavaScript has matured. WebAssembly is on the horizon. It certainly feels like the beginning of a new chap‐ ter for the web. You’ve likely felt this as you’ve witnessed the explo‐ sion of new frontend frameworks and API-based services.","date":"2021/08/11","category":"کتاب","tags":["Client-Side Processing","PWA","JamStack"],"thumbnail":"Modern-Web-Development-on-the-JAMstack.webp","banner":false,"dir":"ltr","body":{"type":"root","children":[{"type":"element","tag":"h2","props":{"id":"introduction"},"children":[{"type":"text","value":"Introduction"}]},{"type":"element","tag":"p","props":{},"children":[{"type":"element","tag":"code","props":{"className":[]},"children":[{"type":"text","value":"From Book"}]}]},{"type":"element","tag":"p","props":{},"children":[{"type":"text","value":"In just the past few years, a flurry of advancements has greatly strengthened the web as a content and application platform. Brows‐ ers are much more powerful. JavaScript has matured. WebAssembly is on the horizon. It certainly feels like the beginning of a new chap‐ ter for the web. You’ve likely felt this as you’ve witnessed the explo‐ sion of new frontend frameworks and API-based services."}]},{"type":"element","tag":"p","props":{},"children":[{"type":"text","value":"Although what’s technically possible in the browser has advanced, so\ntoo have expectations for immediacy. Videos must play instantly.\nBrowser applications must launch faster than their desktop counter‐\nparts. Users have become increasingly mobile and increasingly\nimpatient—we are all fed up with slow pages and we vote angrily\nagainst them with the back button. (Google also seems to be losing\npatience, and now factors site speed into its famous ranking algo‐\nrithms.)"}]},{"type":"element","tag":"p","props":{},"children":[{"type":"text","value":"Broadly speaking, this book covers new, modern approaches to\nbuilding websites that perform as fast as possible. More concretely,\nthis book shows you how to run any web property, from simple sites\nto complex applications, on a global Content Delivery Network\n(CDN) and without a single web server. We introduce you to the\nJAMstack: a powerful new approach for deploying fast, highly scala‐\nble sites and applications that don’t require traditional frontend\ninfrastructure. If you tend to feel delivering great websites should be\nmore about the craft of markup and JavaScript than server setup\nand administration, you’ve found your book."}]},{"type":"element","tag":"p","props":{},"children":[{"type":"text","value":"And, if you’ve ever struggled with any monolithic system or frame‐\nwork—wrestling with hosting, deploying changes, securing, and\nscaling everything—you already understand why the JAMstack is\nbecoming so popular. It’s one of those rare shifts in the landscape\nthat delivers a productivity boost for developers and a large perfor‐\nmance boost for users. The JAMstack is helping to bring about a\nmore secure, stable, and performant web that’s also more fun to\ndevelop and create for."}]},{"type":"element","tag":"p","props":{},"children":[{"type":"text","value":"Under this new approach, there isn’t a “server environment” at all—\nat least not in the traditional sense. Instead, HTML is prerendered\ninto static files, sites are served from a global CDN, and tasks that\nwere once processed and managed server side are now performed\nvia APIs and microservices."}]},{"type":"element","tag":"p","props":{},"children":[{"type":"text","value":"We realize that seasoned web developers might eye anything new\nwith quite a bit of skepticism. There have certainly been countless\nother new ideas on how to build the web before. For nearly three\ndecades, the developer community has explored ways to make the\nweb easier and faster to develop, more capable, more performant,\nand more secure."}]},{"type":"element","tag":"p","props":{},"children":[{"type":"text","value":"At times, though, the effort has seemed to trade one goal for\nanother. Wordpress, for example, became a revolution in making\ncontent easier to author—but anyone who’s scaled a high-traffic\nWordpress site knows it also brings a whole set of new challenges in\nperformance and security. Trading the simplicity of HTML files for\ndatabase-powered content means facing the very real threats that\nsites might crash as they become popular or are hacked when\nnobody is watching closely."}]},{"type":"element","tag":"p","props":{},"children":[{"type":"text","value":"And dynamically transforming content into HTML—each and every\ntime it’s requested—takes quite a few compute cycles. To mitigate all\nthe overhead, many web stacks have introduced intricate and clever\ncaching schemes at almost every level, from the database on up. But\nthese complex setups have often made the development process feel\ncumbersome and fragile. It can be difficult to get any work done on\na site when you can’t get it running and testable on your own laptop.\n(Trust us, we know.)"}]},{"type":"element","tag":"p","props":{},"children":[{"type":"text","value":"All these challenges have led the developer community to begin\nexploring the JAMstack as a modern refactoring of the way websites\nare developed and served. And like any good refactoring, you’ll find\nthat it both advances and simplifies the stack.\nBeing web developers ourselves, the authors of this book are more\nexcited by the JAMstack than we’ve been about any emerging trend\nfor quite a while. That’s because it uniquely solves for all these com‐\nmon problems—developer experience, performance, and security—\nall at the same time, and all without one compromising the other. To\nus, it feels like the logical future of the platform."}]},{"type":"element","tag":"p","props":{},"children":[{"type":"text","value":"It just makes sense."}]},{"type":"element","tag":"p","props":{},"children":[{"type":"text","value":"Developer Jonathan Prozzi said it best on Twitter: “My learning\njourney leading to #JAMstack has re-ignited my interest and passion\nfor web technology.” We think the JAMstack can do a lot to rekindle\nyour own enthusiasm, too, and we’re eager to welcome you to the\ngrowing community of JAMstack practitioners. You’ll find develop‐\ning for the web has become fun and fearless all over again."}]},{"type":"element","tag":"h2","props":{"id":"how-to-get"},"children":[{"type":"text","value":"How to Get"}]},{"type":"element","tag":"p","props":{},"children":[{"type":"text","value":"Download From Netlify (PDF): "},{"type":"element","tag":"a","props":{"href":"https://www.netlify.com/pdf/oreilly-modern-web-development-on-the-jamstack.pdf","rel":["nofollow"]},"children":[{"type":"text","value":"oreilly-modern-web-development-on-the-jamstack.pdf"}]}]},{"type":"element","tag":"hr","props":{},"children":[]}],"toc":{"title":"","searchDepth":2,"depth":2,"links":[{"id":"introduction","depth":2,"text":"Introduction"},{"id":"how-to-get","depth":2,"text":"How to Get"}]}},"_type":"markdown","_id":"content:notes:modern-web-development-on-the-jamstack.md","_source":"content","_file":"notes/modern-web-development-on-the-jamstack.md","_stem":"notes/modern-web-development-on-the-jamstack","_extension":"md"}]