{"_path":"/cat/physics","_dir":"cat","_draft":false,"_partial":false,"_locale":"","title":"فیزیک","description":"فیزیک :)","thumbnail":"totoro-image-12.webp","menu":false,"body":{"type":"root","children":[{"type":"element","tag":"p","props":{},"children":[{"type":"text","value":"فیزیک :)"}]}],"toc":{"title":"","searchDepth":2,"depth":2,"links":[]}},"_type":"markdown","_id":"content:cat:physics.md","_source":"content","_file":"cat/physics.md","_stem":"cat/physics","_extension":"md"}