{"id":"56399dc1-5265-4799-9705-8807f65f8b90","timestamp":1722180274673,"matcher":{"static":{},"wildcard":{},"dynamic":{}},"prerendered":["/cat/articles","/notes/test","/cat/physics","/cat/source","/cat/books","/cat/tuts","/notes/the-positron","/notes/modern-web-development-on-the-jamstack","/notes/tom-bombadil-and-goldberry","/notes/getting-started-with-ethereum","/notes/the-practitioner-s-guide-to-graph-data","/notes/building-progressive-web-applications-with-vue-js","/notes/webassembly-in-action","/notes/self-learning-physics","/notes/intro-wasm"]}