{"id":"e2a3cc7b-9558-4b5f-be7e-5f6274c182ec","timestamp":1722172222762,"matcher":{"static":{},"wildcard":{},"dynamic":{}},"prerendered":["/cat/physics","/notes/test","/notes/the-positron","/cat/books","/cat/tuts","/notes/building-progressive-web-applications-with-vue-js","/notes/getting-started-with-ethereum","/notes/webassembly-in-action","/notes/tom-bombadil-and-goldberry","/notes/the-practitioner-s-guide-to-graph-data","/notes/modern-web-development-on-the-jamstack","/cat/articles","/notes/self-learning-physics","/cat/source","/notes/intro-wasm"]}